{"cameraMode":{"drawMode":0,"name":"Shaded","section":"Shading Mode"},"sceneLighting":false,"audioPlay":false,"sceneViewState":{"m_AlwaysRefresh":false,"showFog":true,"showSkybox":false,"showFlares":true,"showImageEffects":true,"showParticleSystems":true,"showVisualEffectGraphs":true,"m_FxEnabled":true},"in2DMode":false,"pivot":{"x":-0.030622005462646486,"y":-0.009155824780464173,"z":0.00036782026290893555},"rotation":{"x":0.27211135625839236,"y":0.23403798043727876,"z":-0.06841503828763962,"w":0.9308644533157349},"size":0.42189985513687136,"orthographic":false}