{"cameraMode":{"drawMode":0,"name":"Shaded","section":"Shading Mode"},"sceneLighting":false,"audioPlay":false,"sceneViewState":{"m_AlwaysRefresh":false,"showFog":true,"showSkybox":false,"showFlares":true,"showImageEffects":true,"showParticleSystems":true,"showVisualEffectGraphs":true,"m_FxEnabled":true},"in2DMode":false,"pivot":{"x":0.5148841142654419,"y":-3.5907235145568849,"z":-0.5800453424453735},"rotation":{"x":0.2127225399017334,"y":-0.7868382334709168,"z":0.42213478684425356,"w":0.39701104164123537},"size":7.071067810058594,"orthographic":false}