{"cameraMode":{"drawMode":0,"name":"Shaded","section":"Shading Mode"},"sceneLighting":false,"audioPlay":false,"sceneViewState":{"m_AlwaysRefresh":false,"showFog":false,"showSkybox":false,"showFlares":false,"showImageEffects":false,"showParticleSystems":false,"showVisualEffectGraphs":true,"m_FxEnabled":true},"in2DMode":false,"pivot":{"x":0.07847966253757477,"y":0.01438355166465044,"z":-1.810014247894287},"rotation":{"x":-0.006914033554494381,"y":-0.9881001710891724,"z":0.14661970734596253,"w":-0.046869318932294849},"size":1.4614934921264649,"orthographic":false}