{"cameraMode":{"drawMode":0,"name":"Shaded","section":"Shading Mode"},"sceneLighting":false,"audioPlay":false,"sceneViewState":{"m_AlwaysRefresh":false,"showFog":true,"showSkybox":false,"showFlares":true,"showImageEffects":true,"showParticleSystems":true,"showVisualEffectGraphs":true,"m_FxEnabled":true},"in2DMode":false,"pivot":{"x":-0.04163169860839844,"y":0.5650539398193359,"z":-0.036466121673583987},"rotation":{"x":0.29531916975975039,"y":0.35020941495895388,"z":-0.11737853288650513,"w":0.8811188340187073},"size":10.13447380065918,"orthographic":false}