{"cameraMode":{"drawMode":0,"name":"Shaded","section":"Shading Mode"},"sceneLighting":false,"audioPlay":false,"sceneViewState":{"m_AlwaysRefresh":false,"showFog":true,"showSkybox":false,"showFlares":true,"showImageEffects":true,"showParticleSystems":true,"showVisualEffectGraphs":true,"m_FxEnabled":true},"in2DMode":false,"pivot":{"x":14.382116317749024,"y":1.3250877857208253,"z":-16.995933532714845},"rotation":{"x":0.16608434915542603,"y":0.5361108183860779,"z":-0.10870109498500824,"w":0.8205567002296448},"size":1.4625139236450196,"orthographic":false}