{"cameraMode":{"drawMode":0,"name":"Shaded","section":"Shading Mode"},"sceneLighting":false,"audioPlay":false,"sceneViewState":{"m_AlwaysRefresh":false,"showFog":true,"showSkybox":false,"showFlares":true,"showImageEffects":true,"showParticleSystems":true,"showVisualEffectGraphs":true,"m_FxEnabled":true},"in2DMode":false,"pivot":{"x":2.5181102752685549,"y":17.37162208557129,"z":5.683416366577148},"rotation":{"x":0.29531916975975039,"y":0.35020941495895388,"z":-0.11737853288650513,"w":0.8811188340187073},"size":29.612340927124025,"orthographic":false}