{"cameraMode":{"drawMode":0,"name":"Shaded","section":"Shading Mode"},"sceneLighting":false,"audioPlay":false,"sceneViewState":{"m_AlwaysRefresh":false,"showFog":true,"showSkybox":false,"showFlares":true,"showImageEffects":true,"showParticleSystems":true,"showVisualEffectGraphs":true,"m_FxEnabled":true},"in2DMode":false,"pivot":{"x":0.11750507354736328,"y":0.2658466100692749,"z":0.2994652986526489},"rotation":{"x":0.27211135625839236,"y":0.23403798043727876,"z":-0.06841503828763962,"w":0.9308644533157349},"size":1.221093773841858,"orthographic":false}