{"cameraMode":{"drawMode":0,"name":"Shaded","section":"Shading Mode"},"sceneLighting":false,"audioPlay":false,"sceneViewState":{"m_AlwaysRefresh":false,"showFog":true,"showSkybox":false,"showFlares":true,"showImageEffects":true,"showParticleSystems":true,"showVisualEffectGraphs":true,"m_FxEnabled":true},"in2DMode":false,"pivot":{"x":6.381160736083984,"y":1.8838977813720704,"z":12.182044982910157},"rotation":{"x":0.29531916975975039,"y":0.35020941495895388,"z":-0.11737853288650513,"w":0.8811188340187073},"size":18.208145141601564,"orthographic":false}